year,greenhouse gas emissions person,methane emissions person,nitrous oxide emissions person,Global average temperature anomaly,Upper bound of the annual temperature anomaly (95% confidence interval),Lower bound of the annual temperature anomaly (95% confidence interval),Sea surface temperature anomaly (relative to 1961-90 average),Sea surface temp anomaly (Lower CI),Sea surface temp anomaly (Upper CI),Maximum Antarctic sea ice extent,Minimum Antarctic sea ice extent,Minimum Arctic sea ice extent,Maximum Arctic sea ice extent,Global sea level as an average of Church and White (2011) and UHSLC data,Annual CO2 emission,Annual greenhouse gas emissions,Annual nitrous emissions,Annual methane emissions
1850,3.2974901,0.96919006,0.10797971,-0.4177114,-0.2461663,-0.58925647,-0.3095,-0.40579,-0.23192,22.26345877,5.956421224,14.92347616,20.64658736,-233.0011449,2839998000.0,4216864500.0,138085570.0,1239410300.0
1851,3.3690834,0.9713515,0.10980301,-0.2333498,-0.054831687,-0.41186792,-0.19337,-0.28779,-0.1175,22.25274072,5.986413921,14.86937515,20.69433915,-231.2423162,2931572500.0,4314936300.0,140629650.0,1244053500.0
1852,3.41474,0.9748294,0.11154971,-0.22939907,-0.04941572,-0.40938243,-0.18339,-0.27454,-0.10496,22.13999849,5.96104633,14.78840392,20.636835,-229.4834875,2987633200.0,4381056000.0,143116460.0,1250690200.0
1853,3.4719994,0.97953695,0.11328432,-0.27035445,-0.110699534,-0.43000934,-0.21098,-0.29375,-0.14112,22.25967205,5.930483981,14.689601,20.54313545,-227.7246588,3056659500.0,4459687400.0,145510580.0,1258188200.0
1854,3.5361192,0.9880293,0.11490474,-0.29152083,-0.15033019,-0.4327115,-0.26843,-0.34812,-0.20058,22.24592084,5.879601972,14.70961379,20.56009637,-225.9658301,3130210600.0,4547728400.0,147776560.0,1270683600.0
1855,3.5499957,0.99173653,0.116385005,-0.29691675,-0.15451474,-0.43931878,-0.24173,-0.31821,-0.17362,22.18149759,5.936836382,14.57818016,20.59413562,-224.2070013,3145382100.0,4571633700.0,149878940.0,1277144000.0
1856,3.578191,0.9970323,0.11769602,-0.32035372,-0.1726142,-0.46809322,-0.30534,-0.38033,-0.23833,22.06905078,5.849610068,14.5417037,20.42495888,-222.4481726,3178525000.0,4614482000.0,151782320.0,1285785900.0
1857,3.611652,1.0001059,0.11881113,-0.46723005,-0.31813794,-0.61632216,-0.42742,-0.49758,-0.36567,22.12103036,5.816000893,14.49784233,20.52121943,-220.6893439,3220414000.0,4664652000.0,153451260.0,1291693000.0
1858,3.6302652,1.0029342,0.11970337,-0.3887657,-0.24064532,-0.53688604,-0.40247,-0.46987,-0.33946,21.95720024,5.86498711,14.40140466,20.29816552,-218.9305152,3244371000.0,4696172500.0,154850300.0,1297412700.0
1859,3.6823134,1.0080893,0.12032227,-0.28126517,-0.1386095,-0.42392084,-0.27896,-0.34387,-0.21717,22.07052493,5.846848842,14.38736329,20.4553978,-217.1716865,3310846700.0,4772474000.0,155944050.0,1306537200.0
1860,3.5837789,1.0133036,0.12052708,-0.39016518,-0.24135375,-0.5389766,-0.23687,-0.2975,-0.17646,21.91731929,5.82824949,14.25471223,20.24307375,-215.4128577,3186024700.0,4659264000.0,156697020.0,1317394200.0
1861,3.5189755,1.0181949,0.12076049,-0.42911294,-0.26122484,-0.597001,-0.36428,-0.42387,-0.30183,21.85990412,5.787407426,14.25106922,20.35704305,-213.654029,3099779300.0,4581871000.0,157235820.0,1325737500.0
1862,3.5007076,1.0204196,0.12080635,-0.5363694,-0.3690788,-0.70365995,-0.3972,-0.45283,-0.33867,21.8303355,5.771795604,14.1586006,20.24215726,-211.8952003,3081714000.0,4570386000.0,157720020.0,1332219600.0
1863,3.50712,1.0259657,0.12078687,-0.34424406,-0.15445141,-0.53403676,-0.32899,-0.38537,-0.26604,21.95863803,5.728751756,14.16073208,20.1695364,-210.1363716,3092117200.0,4592377300.0,158163650.0,1343444700.0
1864,3.5068045,1.0309299,0.12073966,-0.46546507,-0.28283712,-0.64809304,-0.36861,-0.42054,-0.30746,21.79416182,5.64503582,14.09681736,20.13533822,-208.3775429,3095196700.0,4605874000.0,158580750.0,1354034300.0
1865,3.4873726,1.0352393,0.12067627,-0.33248132,-0.14050578,-0.5244569,-0.21322,-0.26292,-0.15283,21.76509673,5.700682627,13.96038328,20.1770886,-206.6187141,3073076500.0,4594452000.0,158985390.0,1363879800.0
1866,3.5086734,1.0398017,0.12060753,-0.3412875,-0.16077414,-0.5218009,-0.20775,-0.25667,-0.14592,21.69269665,5.631585371,13.92117755,20.18158351,-204.8598854,3104919800.0,4636967000.0,159391620.0,1374173400.0
1867,3.5365224,1.0425539,0.1205434,-0.35699412,-0.16096504,-0.5530232,-0.20575,-0.25158,-0.14521,21.79895355,5.643823402,13.84652285,20.00083833,-203.1010567,3148972300.0,4688634000.0,159813460.0,1382192100.0
1868,3.5198324,1.0443609,0.120494485,-0.35182714,-0.1741756,-0.5294787,-0.2161,-0.25933,-0.15858,21.78097682,5.583952683,13.81017186,20.01439877,-201.342228,3133393700.0,4681590000.0,160264940.0,1389063000.0
1869,3.5259366,1.0481714,0.12042606,-0.31659195,-0.15672056,-0.47646335,-0.2839,-0.32662,-0.22646,21.72817262,5.547346036,13.79438004,19.97097035,-199.5833993,3148309500.0,4706873300.0,160760180.0,1399233900.0
1870,3.6910503,1.0481409,0.12023062,-0.32792753,-0.18715557,-0.46869946,-0.22569,-0.26742,-0.1695,21.60869274,5.5517801,13.64478432,19.96726533,-197.8245705,3386678300.0,4952273400.0,161313140.0,1406288100.0
1871,3.7900755,1.0545242,0.12158267,-0.36856276,-0.22299235,-0.51413316,-0.23173,-0.271,-0.17908,21.55289056,5.556919638,13.65026323,19.98023155,-196.0657418,3521333200.0,5102981600.0,163699680.0,1419818000.0
1872,3.870881,1.0631474,0.12505582,-0.32811058,-0.19305114,-0.46317002,-0.24454,-0.28362,-0.19062,21.55826225,5.488043822,13.52232375,19.83759247,-194.3069131,3631243800.0,5237430000.0,169204660.0,1438473500.0
1873,3.9452822,1.068691,0.13019979,-0.3412969,-0.21009217,-0.47250164,-0.29478,-0.33429,-0.24508,21.64653654,5.497431789,13.4710101,19.84728375,-192.5480844,3737768200.0,5366615600.0,177105760.0,1453699300.0
1874,3.946474,1.0664372,0.13650623,-0.3732512,-0.2393598,-0.5071426,-0.39171,-0.43258,-0.34175,21.55591932,5.442402474,13.45596809,19.90184341,-190.7892557,3753606000.0,5397048000.0,186680720.0,1458419000.0
1875,3.9995766,1.0724298,0.14342737,-0.37562594,-0.23721085,-0.514041,-0.24149,-0.28192,-0.19083,21.39420732,5.403599102,13.3887056,19.70233083,-189.0304269,3829448400.0,5499267600.0,197207250.0,1474550700.0
1876,4.022447,1.0744032,0.15043151,-0.4241099,-0.28534868,-0.56287116,-0.34601,-0.38946,-0.29529,21.43252242,5.435838846,13.28173506,19.8244036,-187.2715982,3869379600.0,5560804400.0,207962990.0,1485301200.0
1877,4.0681324,1.076859,0.15699974,-0.10110884,0.02760234,-0.22982001,-0.02539,-0.06983,0.023,21.44003221,5.366648433,13.27240094,19.65170379,-185.5127695,3941469000.0,5654601700.0,218225680.0,1496806900.0
1878,4.1055493,1.0782762,0.16261962,-0.011315192,0.1085822,-0.13121258,-0.00461,-0.04771,0.04513,21.42667821,5.371674926,13.20299188,19.78841253,-183.7539408,4005967400.0,5737810400.0,227273020.0,1506971100.0
1879,4.1556406,1.0830822,0.16673706,-0.30363432,-0.1732043,-0.43406436,-0.19775,-0.24008,-0.1485,21.36214027,5.404706946,13.10198516,19.62409561,-181.9951121,4086603300.0,5841595000.0,234382720.0,1522491500.0
1880,4.2442846,1.0906272,0.1686859,-0.31583205,-0.19151321,-0.44015092,-0.2034,-0.24996,-0.15454,21.41130926,5.340756394,13.04149044,19.53407567,-180.2362833,4227556600.0,6009233000.0,238832450.0,1544155000.0
1881,4.2313523,1.0969675,0.1696249,-0.23224552,-0.10655606,-0.35793498,-0.15268,-0.20054,-0.10175,21.39469747,5.296868358,12.97136485,19.49324515,-173.039065,4223011300.0,6024196000.0,241495760.0,1561757700.0
1882,4.2974606,1.1019657,0.17005208,-0.29553008,-0.17091006,-0.4201501,-0.21559,-0.26292,-0.16433,21.30166851,5.258821947,12.96726913,19.64037153,-191.5807325,4338779000.0,6160638000.0,243778690.0,1579726300.0
1883,4.3713923,1.1075869,0.17019127,-0.3464744,-0.23213112,-0.4608177,-0.24938,-0.30121,-0.19808,21.25499877,5.223550097,12.93335021,19.46123025,-190.4557275,4468314000.0,6312331000.0,245757760.0,1599365600.0
1884,4.3616266,1.1077585,0.17015691,-0.49232006,-0.38197154,-0.6026686,-0.35493,-0.40617,-0.30567,21.13350952,5.276088836,12.88511655,19.56737409,-166.5973975,4487730700.0,6344400400.0,247509400.0,1611340000.0
1885,4.3398323,1.1076977,0.16999818,-0.47112358,-0.35917896,-0.5830682,-0.34008,-0.39271,-0.28875,21.20449768,5.195129948,12.7641751,19.48253963,-168.55573,4489396000.0,6359458000.0,249110140.0,1623186400.0
1886,4.361028,1.1084027,0.16977969,-0.42090362,-0.31926903,-0.5225382,-0.35377,-0.41025,-0.30187,21.08504026,5.224816957,12.72097162,19.38385186,-169.5973975,4553248000.0,6437946400.0,250636430.0,1636274000.0
1887,4.4154935,1.1126257,0.1695479,-0.49878576,-0.38101166,-0.61655986,-0.42533,-0.48237,-0.37421,21.16093985,5.161247879,12.6704645,19.31861579,-176.7640625,4662310000.0,6567063600.0,252164750.0,1654783100.0
1888,4.4837923,1.1211245,0.16935751,-0.37937889,-0.265434,-0.49332377,-0.25392,-0.31179,-0.2035,21.16132815,5.164343895,12.56532291,19.28240208,-174.1557275,4787320000.0,6718681000.0,253771580.0,1679934700.0
1889,4.4555964,1.1211439,0.16929764,-0.24989556,-0.12757017,-0.37222093,-0.16842,-0.22542,-0.116,21.06532325,5.137404937,12.5030045,19.26769278,-171.4807325,4779676700.0,6725160400.0,255533420.0,1692225300.0
1890,4.686228,1.1292882,0.17453265,-0.50685817,-0.3813068,-0.6324095,-0.439,-0.49408,-0.38408,21.00093934,5.072207206,12.48451326,19.31193732,-169.8807325,5149284400.0,7130888700.0,265580980.0,1718403200.0
1891,4.783232,1.1351241,0.17552818,-0.40131494,-0.26525998,-0.5373699,-0.28028,-0.3405,-0.2265,21.07272075,5.109390454,12.4236316,19.15445205,-173.355735,5317636600.0,7321271000.0,268665470.0,1737434100.0
1892,4.7965193,1.1359673,0.17645395,-0.5075585,-0.3707885,-0.64432853,-0.42191,-0.48396,-0.36567,20.85687203,5.036968348,12.30424056,19.11140515,-168.65573,5370760700.0,7390585000.0,271884220.0,1750324000.0
1893,4.8113785,1.1334206,0.17744976,-0.49461922,-0.35770702,-0.6315314,-0.41688,-0.48071,-0.36012,20.94063515,5.092863619,12.27813949,19.25960838,-164.78073,5431017500.0,7461595000.0,275193120.0,1757734400.0
1894,4.8486967,1.138642,0.17844659,-0.48376393,-0.34195974,-0.6255681,-0.44214,-0.50908,-0.38504,20.96833275,5.021036129,12.21985005,19.15922965,-174.2973975,5514442000.0,7568626000.0,278548160.0,1777375600.0
1895,4.912925,1.1458614,0.1794146,-0.4487516,-0.3154826,-0.58202064,-0.35342,-0.41825,-0.29479,20.90358813,5.051861023,12.18773576,19.19074731,-162.2640625,5638878700.0,7719436300.0,281905300.0,1800435500.0
1896,4.9508557,1.1489346,0.18033339,-0.28400728,-0.15061307,-0.41740146,-0.15929,-0.22625,-0.09854,20.82375135,4.991854467,12.0800084,19.16508541,-168.622395,5730021400.0,7830416000.0,285220480.0,1817188100.0
1897,4.988155,1.1548271,0.18116963,-0.25980017,-0.12107606,-0.39852425,-0.20407,-0.27133,-0.13992,20.70015835,4.961594384,12.09455899,19.01983359,-164.2390625,5816969000.0,7941905000.0,288449730.0,1838661200.0
1898,5.045033,1.1613019,0.18189952,-0.48579213,-0.35393503,-0.6176492,-0.43947,-0.5095,-0.37658,20.82927425,4.95552267,11.98399486,18.91300204,-157.4807275,5936182300.0,8086188500.0,291548900.0,1861336800.0
1899,5.165135,1.1727165,0.18243746,-0.35543364,-0.22447036,-0.48639694,-0.31662,-0.38912,-0.24908,20.64254663,4.936130825,11.91997304,18.92157857,-148.0557275,6152228400.0,8337091600.0,294474000.0,1892892400.0
1900,5.2485414,1.1790981,0.18255669,-0.2344939,-0.1025179,-0.3664699,-0.23602,-0.31012,-0.16808,20.61165693,4.877621341,11.8315671,18.99429381,-152.3807275,6329529000.0,8544012300.0,297180960.0,1919434000.0
1901,5.292934,1.1840612,0.18309218,-0.29341024,-0.15855433,-0.42826617,-0.36399,-0.44175,-0.29487,20.67046931,4.893342103,11.78539048,18.92044155,-154.014065,6434710000.0,8673253000.0,300023550.0,1940258800.0
1902,5.3353643,1.1853333,0.18362485,-0.43895653,-0.3046049,-0.57330817,-0.4537,-0.53263,-0.38737,20.72958922,4.899704932,11.73160897,18.94918126,-148.8723975,6553995300.0,8813169000.0,303318880.0,1957980900.0
1903,5.43178,1.1965212,0.1842873,-0.5332871,-0.40852055,-0.65805364,-0.57443,-0.65433,-0.50063,20.64476993,4.79806878,11.72878534,18.76015749,-140.8723975,6750158000.0,9047735000.0,306968000.0,1993049600.0
1904,5.4652886,1.1958554,0.18507016,-0.59751105,-0.47006598,-0.72495615,-0.60236,-0.6845,-0.52862,20.65729329,4.834818152,11.62532654,18.84625649,-149.96406,6863032300.0,9180333000.0,310872100.0,2008741400.0
1905,5.533006,1.2011348,0.18591218,-0.40779322,-0.2851569,-0.53042954,-0.43521,-0.51979,-0.35754,20.58009992,4.787913453,11.56784512,18.82965188,-156.647395,7025284000.0,9372825000.0,314932300.0,2034703400.0
1906,5.5861697,1.2101353,0.18675224,-0.31910878,-0.19329198,-0.4449256,-0.38451,-0.47021,-0.30233,20.55932971,4.718025458,11.52435183,18.72530572,-150.2973975,7158701000.0,9543475000.0,319049630.0,2067408900.0
1907,5.8006964,1.2296356,0.18753284,-0.5040763,-0.38819233,-0.61996025,-0.46854,-0.54237,-0.39463,20.48277382,4.781461754,11.43097863,18.602677,-150.7140625,7554788400.0,9994790000.0,323125220.0,2118702300.0
1908,5.71124,1.219276,0.18819553,-0.5138197,-0.39752448,-0.6301149,-0.5687,-0.62879,-0.50254,20.43726858,4.721381979,11.35680665,18.74161873,-153.63073,7481688600.0,9925420000.0,327060260.0,2118948900.0
1909,5.772127,1.2262262,0.1887743,-0.53568715,-0.42751858,-0.64385575,-0.58671,-0.6435,-0.52133,20.4902384,4.650883025,11.29366297,18.63383981,-150.0140625,7636352000.0,10113475000.0,330755740.0,2148498700.0
1910,5.7617526,1.2312859,0.18899417,-0.5309095,-0.4163476,-0.6454714,-0.58422,-0.64017,-0.52529,20.36060818,4.697831479,11.28569323,18.49205884,-149.2057325,7676793000.0,10185901000.0,334112900.0,2176726000.0
1911,5.747709,1.2364652,0.19001591,-0.539079,-0.42710155,-0.6510565,-0.58624,-0.64667,-0.53637,20.41134268,4.657879164,11.18982493,18.46737665,-142.047395,7687947300.0,10223932000.0,337997280.0,2199404500.0
1912,5.7793045,1.2419118,0.19157979,-0.47553864,-0.37275177,-0.5783255,-0.45112,-0.51242,-0.395,20.26101266,4.583375357,11.13997453,18.4517431,-144.089065,7785760000.0,10351878000.0,343157300.0,2224509700.0
1913,5.912405,1.2575723,0.19373676,-0.4670111,-0.3568033,-0.5772189,-0.48329,-0.54642,-0.426,20.20373902,4.594435782,11.07845145,18.5724821,-142.1723975,8044909600.0,10660399000.0,349318270.0,2267473700.0
1914,5.6817856,1.2352486,0.19624503,-0.26243657,-0.15486072,-0.37001243,-0.33749,-0.40154,-0.27679,20.19381417,4.550825143,11.00781646,18.35913328,-138.2473975,7716730000.0,10313037000.0,356205300.0,2242105600.0
1915,5.6030836,1.2327645,0.19895238,-0.19167219,-0.07413985,-0.30920455,-0.22696,-0.29179,-0.16488,20.23333941,4.56067507,10.9297704,18.36743535,-126.3140665,7625049000.0,10238461000.0,363543780.0,2252618800.0
1916,5.704243,1.2480379,0.20171067,-0.42002314,-0.2947124,-0.5453339,-0.41508,-0.48333,-0.34712,20.26760427,4.552927889,10.85128396,18.30618178,-130.6390625,7828739000.0,10493294000.0,371058750.0,2295839700.0
1917,5.7636676,1.257224,0.20437159,-0.5428197,-0.40839645,-0.67724293,-0.45933,-0.52821,-0.38646,20.25395671,4.548261072,10.77870868,18.29819086,-133.8307275,7968798000.0,10673731000.0,378475550.0,2328252000.0
1918,5.7124567,1.2444166,0.20672736,-0.4243641,-0.28244856,-0.56627965,-0.41373,-0.48604,-0.33758,20.04990294,4.495345274,10.7666098,18.24531888,-135.7057325,7948688400.0,10652984000.0,385519460.0,2320674000.0
1919,5.3878436,1.2188812,0.20861547,-0.32528907,-0.18691428,-0.46366385,-0.36713,-0.4355,-0.28979,20.07116156,4.469605148,10.66990898,18.27239046,-134.672395,7442319400.0,10121874000.0,391915520.0,2289851600.0
1920,5.739959,1.2427926,0.20962858,-0.29835507,-0.16562946,-0.4310807,-0.28462,-0.35558,-0.19775,19.9826673,4.471614712,10.66134208,18.24012394,-133.522395,8129836000.0,10881138000.0,397389150.0,2355939800.0
1921,5.5193915,1.2116483,0.21090934,-0.24044435,-0.11637985,-0.36450884,-0.25981,-0.33396,-0.17671,19.9529207,4.463318939,10.57723341,18.19210689,-131.205731,7821921000.0,10535131000.0,402572900.0,2312732200.0
1922,5.6125116,1.2275785,0.21205685,-0.3390137,-0.22834438,-0.449683,-0.34122,-0.41475,-0.25508,19.97410191,4.446171106,10.54304301,18.14777608,-132.5557275,8034376700.0,10803109000.0,408172540.0,2362875100.0
1923,5.8297176,1.258197,0.21323393,-0.31768188,-0.20929964,-0.4260641,-0.31834,-0.39408,-0.22833,20.04028432,4.374920793,10.47742697,18.0295862,-129.73073,8464214000.0,11319195000.0,414022880.0,2442961700.0
1924,5.811622,1.2617451,0.21440503,-0.3118017,-0.2031921,-0.4204113,-0.31222,-0.38896,-0.22708,19.91368645,4.3734325,10.42764796,18.09294698,-138.2723975,8494180400.0,11383323000.0,419958750.0,2471401500.0
1925,5.8298306,1.2625538,0.21548595,-0.28214198,-0.16933253,-0.39495143,-0.26628,-0.34346,-0.17983,19.85483481,4.333194229,10.3323514,17.99575272,-136.75573,8601766000.0,11520146000.0,425815070.0,2494893300.0
1926,5.7436194,1.2554743,0.21639276,-0.122555,-0.014262918,-0.23084709,-0.14287,-0.21925,-0.04975,19.91739703,4.287574169,10.30618951,17.98087121,-129.439065,8519336000.0,11451168000.0,431426530.0,2503064000.0
1927,5.9017706,1.2809309,0.21704546,-0.2291136,-0.12602946,-0.33219776,-0.2165,-0.29721,-0.13367,19.85349093,4.271028712,10.2071749,17.94330076,-130.4974,8862959000.0,11872531000.0,436628130.0,2576835600.0
1928,5.855702,1.2778772,0.21740076,-0.20646581,-0.09549474,-0.31743687,-0.24909,-0.32487,-0.16079,19.75545756,4.237178432,10.1865177,17.91563292,-133.96406,8853838000.0,11885215000.0,441254500.0,2593685000.0
1929,5.9821725,1.2948744,0.21729934,-0.39244303,-0.28202602,-0.50286,-0.32,-0.39737,-0.23492,19.72166806,4.260539831,10.1217848,17.89998063,-133.7473975,9159990000.0,12254562000.0,445140670.0,2652568000.0
1930,5.796506,1.2822969,0.21642141,-0.17680542,-0.06319938,-0.29041144,-0.16838,-0.24646,-0.07679,19.80422156,4.190941491,10.0470272,17.97615491,-129.589065,8902550000.0,12002224000.0,448121380.0,2655119400.0
1931,5.574719,1.264588,0.21573442,-0.103397675,0.005896252,-0.2126916,-0.1115,-0.19542,-0.01337,19.72991299,4.217432993,10.01340619,17.92447245,-129.7224,8555204000.0,11642410000.0,450546240.0,2641003500.0
1932,5.381055,1.2502588,0.21472684,-0.14546171,-0.03896824,-0.25195518,-0.19265,-0.27579,-0.10167,19.71719312,4.203369717,9.920250219,17.7787176,-124.7307265,8265092600.0,11350571000.0,452935740.0,2637243400.0
1933,5.437084,1.2583094,0.21369067,-0.32234442,-0.21758842,-0.4271004,-0.26562,-0.34342,-0.17221,19.73539053,4.183992156,9.82324674,17.84049115,-119.1807285,8453848600.0,11586585000.0,455381060.0,2681494000.0
1934,5.5725336,1.2763551,0.21271698,-0.17433685,-0.07466974,-0.27400395,-0.20761,-0.28867,-0.11508,19.53260379,4.120828391,9.839064275,17.81495909,-125.0973975,8795633000.0,11997494000.0,457973150.0,2747953700.0
1935,5.6246004,1.2865856,0.21184552,-0.20605923,-0.10862113,-0.30349734,-0.21589,-0.29571,-0.12462,19.58184247,4.154487643,9.767283114,17.80073994,-119.3390625,8979292000.0,12234545000.0,460803140.0,2798561300.0
1936,5.7840896,1.3094342,0.21110015,-0.16952094,-0.07552263,-0.26351926,-0.17797,-0.258,-0.08558,19.60270616,4.145057509,9.689622867,17.6678892,-123.5890623,9375814000.0,12712446000.0,463962240.0,2877913900.0
1937,5.877915,1.3243032,0.21052091,-0.019198947,0.08136088,-0.11975877,-0.03873,-0.12075,0.05446,19.61290282,4.054508482,9.60406875,17.65396764,-118.2473965,9650635000.0,13054135000.0,467541380.0,2941116400.0
1938,5.7155275,1.3139945,0.21017404,-0.012200737,0.08590227,-0.110303745,-0.11749,-0.198,-0.02537,19.50822501,4.026466059,9.522998916,17.68327169,-114.930725,9410575000.0,12825674000.0,471631650.0,2948610600.0
1939,5.7955313,1.3264241,0.21016005,-0.040797204,0.06511029,-0.14670469,-0.10255,-0.19167,-0.00783,19.43379438,4.004479077,9.483454756,17.47115729,-109.9057275,9657547000.0,13135476000.0,476324260.0,3006318300.0
1940,6.0027127,1.341248,0.2102738,0.07593582,0.19382133,-0.041949686,-0.01199,-0.10675,0.09208,19.51574402,3.976656771,9.452646264,17.4441715,-115.5640625,10203323000.0,13751442000.0,481710240.0,3072626700.0
1941,6.1113467,1.3541481,0.2164487,0.0381293,0.23851252,-0.16225392,0.00327,-0.23883,0.22675,19.32878129,3.965256087,9.398572607,17.44686702,-102.9140625,10485464000.0,14103380000.0,499506620.0,3125017300.0
1942,6.103892,1.3587279,0.23126169,0.001406068,0.19802456,-0.19521242,0.04635,-0.19425,0.26638,19.35683279,3.99123269,9.327406316,17.37322976,-103.5223963,10509654000.0,14202137000.0,538084540.0,3161399300.0
1943,6.137811,1.3755677,0.2527173,0.006421582,0.21242628,-0.19958311,0.04031,-0.20092,0.25983,19.39192501,3.968406167,9.220363839,17.48188548,-102.097395,10580636000.0,14390599000.0,592516300.0,3225130500.0
1944,6.1710515,1.384649,0.27847224,0.14410514,0.3427051,-0.05449483,0.19544,-0.04842,0.41542,19.33802236,3.954750615,9.150837812,17.30122149,-109.4723973,10657571000.0,14578738000.0,657873900.0,3271150000.0
1945,5.7655463,1.3610668,0.30637747,0.043088354,0.24345961,-0.1572829,0.19232,-0.05142,0.40783,19.32882479,3.911288615,9.123999281,17.32575098,-106.88906,9762553000.0,13722967000.0,729229760.0,3239567400.0
1946,5.950737,1.3927693,0.33432814,-0.11881461,0.028321814,-0.26595104,-0.0779,-0.24979,0.07413,19.20710504,3.838397787,9.048340895,17.40009784,-98.9807275,10135869000.0,14268745000.0,801655800.0,3339598000.0
1947,6.168335,1.4300653,0.36008883,-0.09120561,0.049379256,-0.23179047,-0.14807,-0.31854,0.00238,19.12812328,3.877671392,8.971282845,17.2637118,-97.58073125,10589338000.0,14906980000.0,870224640.0,3456030700.0
1948,6.247483,1.4410764,0.38157943,-0.12466127,0.009810847,-0.25913337,-0.13325,-0.29388,0.00404,19.15717695,3.795421225,8.960922863,17.24864088,-90.7473985,10793544000.0,15226736000.0,930008000.0,3512277000.0
1949,6.100117,1.4458069,0.39625764,-0.14380223,-0.033526964,-0.25407746,-0.10949,-0.23425,0.00788,19.20181325,3.769234581,8.913431655,17.20479177,-92.239061,10497640000.0,15026065000.0,976078460.0,3561372200.0
1950,6.6092153,1.4626908,0.40151206,-0.2266218,-0.120586626,-0.33265698,-0.12455,-0.215,-0.02779,19.13200979,3.774240781,8.778822465,17.18711706,-90.89739625,11996413000.0,16518558000.0,1003508000.0,3655735600.0
1951,6.7566323,1.4868978,0.4012745,-0.06115396,0.028042309,-0.15035023,-0.02012,-0.09483,0.06879,19.16361629,3.735215438,8.740230624,17.1746812,-80.57239475,12544242000.0,17182996000.0,1020493400.0,3781375000.0
1952,6.761047,1.4936407,0.40095425,0.015354548,0.11364508,-0.08293598,0.06937,-0.01063,0.1605,19.02332335,3.70448852,8.73170106,17.17020709,-84.0390625,12772290000.0,17512944000.0,1038580160.0,3868934100.0
1953,6.7878585,1.5031091,0.40066364,0.07763075,0.17579111,-0.020529611,0.07613,-0.00492,0.17688,18.96429456,3.729438398,8.609079363,16.99581502,-78.172399,13068065000.0,17921840000.0,1057863700.0,3968627200.0
1954,6.81564,1.5157204,0.400612,-0.11675023,-0.02499773,-0.20850272,-0.11056,-0.18996,-0.02042,18.89379448,3.655751769,8.528252181,16.99779122,-82.739065,13361748000.0,18347560000.0,1078439200.0,4080287700.0
1955,7.07366,1.5603408,0.40071848,-0.19730994,-0.11018991,-0.28442997,-0.18698,-0.26979,-0.10083,19.00015095,3.673808521,8.520181859,17.00072888,-80.29739625,14237283000.0,19424780000.0,1100401800.0,4284808200.0
1956,7.232825,1.5810664,0.40123025,-0.26316562,-0.18720558,-0.33912566,-0.20024,-0.28117,-0.12117,18.93763012,3.611244234,8.488557637,17.01947557,-85.3390625,14918578000.0,20259162000.0,1123847000.0,4428571000.0
1957,7.2934284,1.599187,0.40200275,-0.035334915,0.029898778,-0.10056861,0.00168,-0.07017,0.07675,18.85228619,3.630415711,8.438111957,16.86554751,-73.8807275,15358505000.0,20843647000.0,1148870300.0,4570263600.0
1958,7.3490405,1.6029456,0.40312862,-0.017632563,0.04780944,-0.08307456,0.02431,-0.03937,0.10421,18.93071446,3.578426422,8.282821556,16.8301551,-71.822397,15799009000.0,21430596000.0,1175566600.0,4674362400.0
1959,7.5735188,1.6455547,0.40535784,-0.048004813,0.014354111,-0.11036374,-0.02973,-0.09571,0.05833,18.78476248,3.570432895,8.244990916,16.78242674,-70.489063,16627936000.0,22495564000.0,1204031200.0,4887778300.0
1960,7.366524,1.6683351,0.40883222,-0.11545958,-0.056781605,-0.17413756,-0.07483,-0.13625,0.00429,18.77191143,3.534389414,8.209616526,16.89707258,-67.83073,16217596000.0,22241257000.0,1234359900.0,5037093400.0
1961,7.19899,1.6598533,0.42577034,-0.019999769,0.030780297,-0.07077983,-0.02732,-0.07729,0.02942,18.84374277,3.497280432,8.163323964,16.84036534,-60.72239375,15963722000.0,22089169000.0,1306421200.0,5093045000.0
1962,7.059917,1.6582415,0.4321891,-0.06404272,-0.010776198,-0.117309235,-0.08224,-0.12262,-0.03321,18.74077172,3.530643258,8.120465505,16.74484564,-66.4390605,15820577000.0,22074149000.0,1351319900.0,5184802000.0
1963,7.061796,1.6662502,0.43669447,-0.036810614,0.016958548,-0.09057977,-0.03526,-0.07583,0.0225,18.77042457,3.516016969,8.034491076,16.7136608,-67.0807275,16143311000.0,22567942000.0,1395579100.0,5324968000.0
1964,7.0776463,1.6660703,0.4424593,-0.30586153,-0.26222858,-0.34949452,-0.24036,-0.287,-0.18796,18.60445076,3.509641429,7.997675675,16.61650141,-75.997395,16558707000.0,23124173000.0,1445608400.0,5443405300.0
1965,6.9773746,1.6782348,0.45020825,-0.20442048,-0.15523025,-0.2536107,-0.20315,-0.24829,-0.14779,18.71385793,3.488472622,7.857143718,16.69832258,-65.07239475,16515244000.0,23284281000.0,1502395400.0,5600457700.0
1966,7.021892,1.7079997,0.45970178,-0.1488976,-0.09938603,-0.19840918,-0.09263,-0.13312,-0.04521,18.61177116,3.407378082,7.82833634,16.55208253,-69.13073,16896252000.0,23919491000.0,1565935900.0,5818159000.0
1967,7.0628557,1.6981901,0.46683037,-0.117539294,-0.07442179,-0.1606568,-0.15086,-0.18979,-0.10496,18.5832739,3.376810864,7.786609718,16.6412083,-69.2890625,17406976000.0,24546589000.0,1622444700.0,5901971500.0
1968,7.165392,1.6942916,0.4719927,-0.16864756,-0.12401963,-0.21327549,-0.15229,-0.188,-0.11879,18.52719423,3.408543699,7.770369885,16.62003746,-67.947396,18136687000.0,25414290000.0,1674068900.0,6009331700.0
1969,7.2274895,1.7144848,0.47322908,-0.03138624,0.009118891,-0.071891375,0.01328,-0.01654,0.0415,18.5416546,3.333306801,7.702715697,16.42947122,-60.747396,18672370000.0,26168248000.0,1713399400.0,6207558700.0
1970,7.4898973,1.7266649,0.46899945,-0.08506408,-0.044075526,-0.12605265,-0.09424,-0.11679,-0.07108,18.38748719,3.353731507,7.55392852,16.55521588,-65.149346,20012343000.0,27678093000.0,1733136000.0,6380700700.0
1971,7.419611,1.697777,0.45667744,-0.20588905,-0.16730586,-0.24447224,-0.25558,-0.27512,-0.23408,18.49160967,3.325370182,7.50640462,16.46675543,-59.57103125,20322107000.0,27973145000.0,1721748500.0,6400896500.0
1972,7.506374,1.6998992,0.4633222,-0.09379131,-0.055899136,-0.1316835,-0.02319,-0.04187,-0.00321,18.37688325,3.339107039,7.520340315,16.3767467,-49.32270425,21045666000.0,28860512000.0,1781381500.0,6535773700.0
1973,7.5969057,1.709421,0.46893632,0.04995016,0.0864213,0.013479018,0.01075,-0.00971,0.03021,18.38062275,3.250916149,7.404115239,16.40789176,-56.48073075,21778792000.0,29781780000.0,1838348300.0,6701360000.0
1974,7.423594,1.6850238,0.46395344,-0.17252657,-0.13482748,-0.21022564,-0.14716,-0.16858,-0.12579,18.34735445,3.268666398,7.318074826,16.38183682,-43.06928575,21573542000.0,29661096000.0,1853733800.0,6732541000.0
1975,7.3606863,1.680455,0.469174,-0.110754214,-0.07020333,-0.15130511,-0.15448,-0.18037,-0.13329,18.34894751,3.209584798,7.322639025,16.33584706,-43.10230825,21662783000.0,29953851000.0,1909274100.0,6838506000.0
1976,7.4906073,1.6754733,0.47335187,-0.2158369,-0.17581315,-0.25586063,-0.13235,-0.15779,-0.11079,18.19989653,3.158670044,7.2362751,16.23322908,-43.09308775,22576065000.0,31029883000.0,1960862800.0,6940657700.0
1977,7.5116277,1.668707,0.47562936,0.1030885,0.14612031,0.06005668,0.07836,0.05283,0.09875,18.24010145,3.178938987,7.219131793,16.22602469,-47.152622,23085875000.0,31667313000.0,2005145100.0,7034889000.0
1978,7.5017967,1.6501633,0.47682136,0.005255972,0.045108557,-0.034596615,0.02786,0.00054,0.04933,18.31766228,3.124092996,7.098412443,16.18589745,-43.99175275,23520393000.0,32180140000.0,2045400300.0,7078635500.0
1979,7.496548,1.6626873,0.48150563,0.09085814,0.11935765,0.062358625,0.14543,0.12142,0.16542,18.196,3.141,7.051,16.175,-48.978593,23832625000.0,32726802000.0,2102052700.0,7258599400.0
1980,7.3745327,1.6253778,0.47592008,0.19607204,0.2293401,0.16280398,0.14203,0.11863,0.15975,18.817,2.818,7.667,15.955,-39.8656235,23888951000.0,32772480000.0,2114992600.0,7223191600.0
1981,7.156744,1.5607761,0.45719418,0.25001204,0.28063282,0.21939126,0.11512,0.09129,0.13321,18.597,2.873,7.138,15.604,-28.92369575,23671865000.0,32381600000.0,2068633300.0,7061930500.0
1982,7.0362544,1.552293,0.45753583,0.034268282,0.0736452,-0.005108635,0.09825,0.07487,0.11633,18.353,3.129,7.302,15.974,-31.40462875,23542030000.0,32422953000.0,2108318100.0,7152942000.0
1983,7.0537114,1.5279589,0.4575538,0.22380984,0.25957537,0.18804431,0.1946,0.17133,0.21208,18.585,3.07,7.395,16.006,-26.60817925,24145582000.0,33095197000.0,2146789400.0,7169005600.0
1984,7.261241,1.523763,0.45217037,0.04799352,0.08444688,0.011540157,0.06038,0.03696,0.07833,18.171,2.677,6.805,15.299,-27.996555,25608675000.0,34678497000.0,2159491600.0,7277242400.0
1985,7.195666,1.5198443,0.44421923,0.049729742,0.08379605,0.015663432,0.04476,0.01888,0.06317,18.703,2.836,6.698,15.466,-34.83284625,25809437000.0,34983390000.0,2159674400.0,7389074000.0
1986,7.1828403,1.5136282,0.43737793,0.09568698,0.12696595,0.064408004,0.0739,0.04829,0.09246,17.683,3.193,7.411,15.785,-33.367848,26300332000.0,35555512000.0,2165048300.0,7492555300.0
1987,7.1438007,1.5028529,0.4386496,0.2430264,0.27386728,0.21218552,0.23264,0.20608,0.25087,18.246,3.254,7.279,16.05,-31.03120975,26760348000.0,36011790000.0,2211225900.0,7575858000.0
1988,7.1569867,1.5017511,0.42942548,0.2821517,0.31726816,0.24703526,0.20845,0.18125,0.22533,18.307,2.886,7.369,15.583,-27.2527695,27376079000.0,36731760000.0,2203937800.0,7707428400.0
1989,7.112459,1.5089405,0.42636913,0.1792503,0.21400218,0.14449841,0.16803,0.14046,0.18571,18.121,2.978,7.008,15.495,-24.84229175,27619820000.0,37153382000.0,2227226000.0,7882258400.0
1990,7.057039,1.4901772,0.42057168,0.36058238,0.39659604,0.32456872,0.29425,0.26604,0.31217,18.193,3.036,6.143,15.578,-20.55393825,27919600000.0,37516460000.0,2235833000.0,7922044000.0
1991,6.9792976,1.4603163,0.40979394,0.33889654,0.3737569,0.30403617,0.27296,0.24554,0.29013,18.313,3.161,6.473,15.249,-16.08136275,28176010000.0,37731800000.0,2215446800.0,7894829000.0
1992,6.798819,1.4358368,0.40626583,0.12489683,0.15891157,0.09088211,0.17579,0.14892,0.19296,18.147,2.837,7.474,15.462,-14.38187925,27790303000.0,37343780000.0,2231490800.0,7886601000.0
1993,6.7204413,1.4177656,0.39717767,0.16570719,0.20319764,0.12821673,0.20568,0.17942,0.22337,18.543,2.482,6.397,15.686,-21.1773225,27927413000.0,37482815000.0,2215232000.0,7907494000.0
1994,6.7923317,1.4094906,0.39826813,0.23354979,0.26868662,0.19841295,0.24524,0.21946,0.26338,18.613,3.197,7.138,15.562,-18.1936515,28811207000.0,38449540000.0,2254487600.0,7978743000.0
1995,6.7828493,1.4103249,0.40358788,0.37686613,0.41007653,0.34365577,0.30009,0.27429,0.31904,18.373,3.561,6.08,15.226,-12.365325,29163975000.0,38955393000.0,2317894000.0,8099806000.0
1996,6.8875723,1.4055729,0.40607396,0.27668938,0.31019875,0.24318002,0.23714,0.21217,0.25621,18.632,2.985,7.583,15.155,-9.51543555,30247470000.0,40121110000.0,2365439700.0,8187666400.0
1997,7.060054,1.386736,0.39702705,0.4223085,0.4545262,0.39009085,0.42091,0.39558,0.43854,18.596,2.49,6.686,15.437,-3.054291175,31876948000.0,41700073000.0,2345032700.0,8190730000.0
1998,6.718857,1.3573257,0.3942927,0.5773417,0.61161464,0.54306877,0.51006,0.48458,0.52758,18.903,2.989,6.536,15.746,-7.731137125,30496076000.0,40227897000.0,2360753700.0,8126733300.0
1999,6.6908913,1.3465345,0.3912566,0.32448497,0.3561352,0.29283476,0.27619,0.25029,0.29279,18.696,2.966,6.117,15.309,-2.49151696,30837498000.0,40598712000.0,2374050600.0,8170446300.0
2000,6.6303487,1.3544724,0.38352537,0.33108476,0.36394167,0.29822785,0.28053,0.2535,0.29704,18.888,2.907,6.246,15.141,-2.06249006,30876948000.0,40769343000.0,2358258700.0,8328514000.0
2001,6.518237,1.3362069,0.3801839,0.48928034,0.5204924,0.4580683,0.39199,0.36458,0.40858,18.175,3.65,6.732,15.211,2.897798725,30711100000.0,40613487000.0,2368829700.0,8325567500.0
2002,6.5817275,1.31766,0.380923,0.5434665,0.57415116,0.51278186,0.43434,0.40663,0.45042,17.887,2.96,5.827,15.342,0.457521725,31633465000.0,41546547000.0,2404541200.0,8317607000.0
2003,6.8200974,1.3368244,0.37838173,0.54417014,0.5770977,0.5112426,0.45946,0.43288,0.47663,18.298,3.789,6.116,15.193,7.7933207,33482189000.0,43607010000.0,2419334400.0,8547519500.0
2004,6.84628,1.3487656,0.38621137,0.46737072,0.5004031,0.43433833,0.4376,0.4125,0.45446,18.919,3.584,5.984,14.914,8.641742825,34014005000.0,44334810000.0,2501009000.0,8734270000.0
2005,6.8537416,1.3557434,0.38476485,0.6068625,0.63801974,0.5757053,0.44789,0.42325,0.46471,18.805,2.97,5.504,14.373,9.10275375,34484007000.0,44948046000.0,2523355600.0,8891205000.0
2006,6.9968424,1.3653705,0.3859445,0.5725527,0.60313237,0.541973,0.42388,0.3995,0.44133,19.094,2.651,5.862,14.325,12.44428375,35840475000.0,46468944000.0,2563218000.0,9067994000.0
2007,6.9553933,1.3605194,0.39211273,0.5917013,0.62204945,0.56135315,0.35835,0.33362,0.37629,18.861,2.905,4.267,14.513,12.7793945,36055773000.0,46781616000.0,2637330000.0,9150783000.0
2008,6.985041,1.3595071,0.38310263,0.46564984,0.49864236,0.43265733,0.33213,0.30821,0.35083,18.145,3.895,4.687,14.953,22.474353,36782690000.0,47579288000.0,2609540900.0,9260415000.0
2009,6.8846073,1.3349898,0.37401533,0.5967816,0.62830764,0.5652556,0.4801,0.45562,0.50029,18.96,2.991,5.262,14.812,27.58577325,36729414000.0,47492130000.0,2580072200.0,9209168000.0
2010,7.0750613,1.34467,0.3778609,0.6803714,0.7116668,0.6490759,0.48557,0.46054,0.50604,18.799,3.106,4.865,14.581,36.197918,38483840000.0,49423570000.0,2639586300.0,9393331000.0
2011,7.202096,1.3666869,0.38723037,0.53769773,0.5693943,0.5060012,0.37851,0.35342,0.39971,18.739,2.519,4.561,14.363,36.18167175,39654470000.0,50941330000.0,2738929000.0,9666748000.0
2012,7.2197013,1.3637563,0.38635972,0.57760704,0.61035883,0.54485524,0.44911,0.42379,0.47096,19.208,3.553,3.566,14.553,42.34162825,40280640000.0,51705320000.0,2766991600.0,9766811000.0
2013,7.0973706,1.3434621,0.37989876,0.6235753,0.6586669,0.5884838,0.47344,0.44821,0.49625,19.389,3.836,5.208,14.723,42.02689775,40091250000.0,51460150000.0,2754491400.0,9740897000.0
2014,7.1077204,1.3391082,0.37988478,0.67287165,0.7068384,0.63890487,0.57639,0.55171,0.59946,19.756,3.843,5.22,14.418,49.904703,40680480000.0,52163658000.0,2787979500.0,9827734000.0
2015,7.077152,1.3256226,0.3762652,0.8251144,0.85894173,0.7912871,0.70045,0.67617,0.72338,18.444,3.799,4.616,14.401,52.17943,41093472000.0,52559155000.0,2794370000.0,9844865000.0
2016,6.8610578,1.3136568,0.3742486,0.9329271,0.96409065,0.9017635,0.71945,0.69592,0.74208,18.15,2.79,4.528,14.203,56.3307115,40059020000.0,51550380000.0,2811907000.0,9870126000.0
2017,6.8750863,1.3198622,0.37757468,0.84517425,0.87557375,0.81477475,0.64483,0.622,0.66704,17.906,2.288,4.822,14.12,55.11239075,40590442000.0,52249436000.0,2869500400.0,10030719000.0
2018,6.874214,1.3246522,0.37293363,0.76265407,0.79425603,0.73105204,0.61641,0.5935,0.63888,17.961,2.326,4.785,13.967,52.08327225,41052090000.0,52820017000.0,2865543700.0,10178349000.0
2019,6.8841457,1.3193089,0.36736888,0.8910726,0.9253579,0.85678726,0.71702,0.69317,0.73946,18.335,2.655,4.364,14.394,60.9807395,41637618000.0,53455053000.0,2852601300.0,10244368000.0
2020,6.5627537,1.2915872,0.37007406,0.8022584269253491,0.95754296,0.8882981,0.8022584269253491,0.68475,0.73458,0.8022584269253491,2.92,4.001,0.8022584269253491,0.8022584269253491,39302922000.0,51458240000.0,2901733400.0,10127275000.0
